variable,NCLIM,LOWPREC,reduction,reduction2
GPP,2.28646301012662,1.16900567923234,"0,488727491302122",48.8
A. resp.,1.50978724761813,1.23751422337576,"0,180338670015865",18.0
NPP,0.973584445849714,0.463490987085463,"0,523933451215993",52.4
Biomass,11.1034940802903,5.51002176399032,"0,503757850983945",50.4
